time,position,pnl,cost,equity,exposure_on
2021-06-16,3.5937408971748446,0.0,0.0,1.0,1
2021-06-17,3.3511573954063247,-0.007312082242682578,0.0007277505053055595,0.9919601672520119,1
2021-06-18,4.176309878577017,0.062486280414317204,0.001650304966341385,1.052307031632325,1
2021-06-21,5.401202225602727,0.015602326364550587,0.00244978469405142,1.0661475437160286,1
2021-06-22,6.7673504977390735,0.010737457844217363,0.0027322965442726924,1.0746822267730152,1
2021-06-23,6.842380976679715,-0.016452653825830336,0.0001500609578812835,1.0568395842787786,1
2021-06-24,6.690963348438142,0.0024159337489698834,0.0004542528847247187,1.058912766267835,1
2021-06-25,6.728402328892855,0.009438609920676674,7.487796090942567e-05,1.0688281415799428,1
2021-06-28,6.608356067662049,0.10072585386596988,0.0003601387836924186,1.1761018423096754,1
2021-06-29,5.860905825270836,0.053710714370212305,0.002242350727173638,1.2366338796109175,1
2021-06-30,5.731864913140809,0.03705201537782228,0.000387122736390082,1.2819749280436095,1
2021-07-01,5.1805727142952085,0.059217911022620515,0.0016538765965368016,1.355770576934888,1
2021-07-02,5.049287309201306,0.04397002206229311,0.00039385621528170755,1.414849860445901,1
2021-07-05,4.791485563757271,0.03405779461391012,0.0007734052363321054,1.461942274111794,1
2021-07-06,0.0,-0.17072639053714828,0.0003754092465831924,1.1913355205746579,0
2021-07-07,0.0,0.17778324941315007,8.706466379126798e-05,1.1913355205746579,0
2021-07-08,0.0,-0.03608061784377085,0.0012572810005098277,1.1913355205746579,0
2021-07-09,0.0,-0.01600415216061251,0.00010254708455449801,1.1913355205746579,0
2021-07-12,0.0,-0.08069419587982676,0.0013931048561516093,1.1913355205746579,0
2021-07-13,0.0,-0.03412435130122987,0.0013391250646078144,1.1913355205746579,0
2021-07-14,0.0,-0.017198408074461585,0.00011344479179605394,1.1913355205746579,0
2021-07-15,0.0,0.013453699771353552,1.5478860944435623e-05,1.1913355205746579,0
2021-07-16,0.0,0.024614709575542168,1.9571309525943992e-05,1.1913355205746579,0
2021-07-19,0.0,-0.03854016137678877,0.0001454528203006884,1.1913355205746579,0
2021-07-20,0.0,0.01953993961424203,0.00037734606288402614,1.1913355205746579,0
2021-07-21,0.0,-0.00026466943478287326,8.975633153217899e-05,1.1913355205746579,0
2021-07-22,0.0,0.02031842406822752,5.546499713766196e-06,1.1913355205746579,0
2021-07-23,0.0,-0.013368924988076264,6.652613746034408e-05,1.1913355205746579,0
2021-07-26,0.0,-0.0018035773116542595,0.0006336098989780652,1.1913355205746579,0
2021-07-27,0.0,0.0023530602748584937,1.6246737551101732e-05,1.1913355205746579,0
2021-07-28,0.0,-0.017979349024999463,0.00012564603347125968,1.1913355205746579,0
2021-07-29,0.0,0.026362111373733784,0.00010505042393673492,1.1913355205746579,0
2021-07-30,0.0,0.005747706918137262,5.6834175601556684e-05,1.1913355205746579,0
2021-08-02,0.0,-0.0015782818930360953,3.7805707434273476e-05,1.1913355205746579,0
2021-08-03,0.0,0.014603878916355801,4.2174513016149716e-05,1.1913355205746579,0
2021-08-04,0.0,-0.003229894626702385,0.00021521798627624646,1.1913355205746579,0
2021-08-05,0.0,0.0019679596677684916,3.430250781682176e-05,1.1913355205746579,0
2021-08-06,0.0,-0.004847818718684017,1.699099687097938e-05,1.1913355205746579,0
2021-08-09,0.0,0.04869920629744851,0.001623483124604799,1.1913355205746579,0
2021-08-10,0.0,-0.003220090765748163,0.00020004125619134516,1.1913355205746579,0
2021-08-11,0.0,0.004110597517390244,9.567169949093123e-06,1.1913355205746579,0
2021-08-12,0.0,-0.005890687647113396,0.0001939172767587376,1.1913355205746579,0
2021-08-13,0.0,0.009311998102259217,0.00024723164656637666,1.1913355205746579,0
2021-08-16,0.0,0.007370837860371843,0.00033547712891416205,1.1913355205746579,0
2021-08-17,3.8439093500993464,0.00038365594208719954,0.0001539021065377657,1.182176749081373,1
2021-08-18,3.9711817575352417,0.0014011477257524143,0.0002545448148717906,1.1835322363830452,1
2021-08-19,4.190292458419023,0.04746435364988498,0.00043822140176756277,1.2391891798511043,1
2021-08-23,4.1436572768776205,-0.034138725467578464,0.00013990554462420767,1.1967114712006741,1
2021-08-24,4.142029380524446,0.008526413507925516,4.883689059524521e-06,1.2069092836870896,1
2021-08-25,4.133588789389051,0.008174968493791054,2.5321773406185243e-05,1.2167451679726922,1
2021-08-26,4.188514628075789,-0.008715880694894738,0.00010985167737347723,1.2060065007549146,1
2021-08-27,4.191904343910931,0.0056095493494399355,6.779431670283387e-06,1.2127634776979788,1
2021-08-30,4.108808298807393,0.004473134630280393,0.00024928813531061424,1.2178860044624806,1
2021-08-31,4.104947947322384,0.013877761854525803,1.1581054455025885e-05,1.2347734319942332,1
2021-09-01,4.1170807753014556,-0.009548629229027147,2.4265655958142674e-05,1.2229530757229798,1
2021-09-06,4.137325154436844,-0.0026325322506347984,4.0488758270777585e-05,1.2196840964586666,1
2021-09-07,4.0584783697342495,0.00939832465440983,0.00023654035410778463,1.2308585790649296,1
2021-09-08,4.095146297147963,-0.029846377289470826,7.333585482742677e-05,1.1940316434581084,1
2021-09-09,4.137863114596495,0.041523638571447946,8.543363489706479e-05,1.2435101714004522,1
2021-09-10,4.045381697539237,0.0024441215059896717,0.00027744425117177496,1.2462044566049602,1
2021-09-13,3.997465470731413,0.028929887030182927,0.00014374868042347176,1.2820778705048772,1
2021-09-14,3.8327801743569223,0.00692974587038153,0.0004940558891234721,1.290328926211278,1
2021-09-15,3.8580640721432093,0.023981808413411663,5.056779557257407e-05,1.321208098220598,1
2021-09-16,3.8944705442389678,0.011267771588540794,7.281294419151685e-05,1.335998968240757,1
2021-09-17,4.05122947153422,0.010059687624055862,0.0003135178545905042,1.3490198409970622,1
2021-09-20,3.9747253904091218,0.027304713899508955,0.00022951224337529433,1.385544825230183,1
2021-09-21,3.9459529317441606,-0.004459940089956217,8.631737599488343e-05,1.3792457817240704,1
2021-09-22,4.009445405841829,0.027850059576161316,0.0001269849481953367,1.417482715461114,1
2021-09-23,4.019731717688902,-0.003589324933309503,2.0572623694146587e-05,1.412365748069476,1
2021-09-24,4.055288606088183,-0.0032649637040778365,7.11137767985619e-05,1.4076539865025803,1
2021-09-27,4.199007824183088,-0.036718966779943574,0.00028743843618980947,1.3555617726739604,1
2021-09-28,4.296819516046571,0.03050728381246318,0.00019562338372696608,1.396651100817429,1
2021-09-29,4.294496405288076,-0.003895276405166961,6.969332275486018e-06,1.39120102501257,1
2021-09-30,4.320587079790064,0.0034523155459063367,5.218134900397686e-05,1.3959312951924807,1
2021-10-01,4.227631609572342,-0.02885159951774251,0.0002788664106531673,1.3552671661594948,1
2021-10-04,4.36721826947141,0.013336618260570745,0.00027917331979813656,1.3729634925616594,1
2021-10-05,4.312009680354759,0.007473970093559987,0.00016562576734995284,1.382997582512616,1
2021-10-06,4.378377172792799,0.003563251260672302,0.00013273498487608037,1.3877419782288123,1
2021-10-07,4.508781785163208,0.016069527123257255,0.00026080922474081805,1.4096803996785605,1
2021-10-08,4.45878590070779,0.012259372791576746,0.00014998765336625476,1.4267507625600546,1
2021-10-11,4.28920325733079,0.0013506015450447954,0.0005087479301309994,1.427951877847097,1
2021-10-12,4.2433699757418495,-0.0008635400155689082,0.00013749984476682186,1.426522441098731,1
2021-10-13,4.137511260186857,0.007452669855882616,0.0003175761466649778,1.4367008123942724,1
2021-10-14,3.9442526930662014,-0.006619709821816087,0.0005797757013619664,1.426357305694302,1
2021-10-15,3.9559792515066277,-0.003621443057034866,2.3453116880852497e-05,1.42115838140814,1
2021-10-18,3.9716795390292012,0.011018044333387142,3.140057504514715e-05,1.4367721422688533,1
2021-10-19,3.927192185886658,-0.005480480165469313,0.00013346205942763012,1.4287061864718145,1
2021-10-20,4.065505018837447,0.0005719511803223845,0.00027662566590157847,1.4291281198612906,1
2021-10-21,4.094531283768598,-0.02293839709927536,5.805252986230158e-05,1.3962632470393164,1
2021-10-22,4.080657962531006,0.0051230655503571735,4.1619963712774325e-05,1.403358282753778,1
2021-10-25,4.138729170490147,-0.018542370628995032,0.00011614241591828111,1.3771737039283296,1
2021-10-26,4.1186470848112675,-0.00039678187548248444,6.024625703663844e-05,1.3765442968022688,1
2021-10-27,4.089782710861799,0.023600494994395538,8.659312184840484e-05,1.4089122243204917,1
2021-10-28,4.333126247912171,0.008819125420385314,0.0004866870741007432,1.420651898564969,1
2021-10-29,4.364043713539183,0.01590693806255305,6.183493125402428e-05,1.4431622744114065,1
2021-11-01,4.649275516947697,-0.020241378383147497,0.0005704636068170288,1.4131274091904784,1
2021-11-02,4.6559829432296445,-0.005569556935072819,1.3414852563894186e-05,1.405237958732632,1
2021-11-03,4.63087048177158,0.024663485065472137,7.533738437419401e-05,1.4397901571890346,1
2021-11-04,4.714965622816371,0.0060494144365556115,0.00016819028208958287,1.4482578858388573,1
2021-11-05,4.750710965097326,0.013716059592285501,7.14906845619101e-05,1.4680187403583396,1
2021-11-08,4.718038465274478,0.003724211697260681,9.80174994685461e-05,1.473342061396877,1
2021-11-09,4.74431530996604,-0.026417603218791663,5.2553689383124435e-05,1.434342465852288,1
2021-11-10,4.862545933513863,-0.008568229090370196,0.0002364612470956473,1.4217135246025814,1
2021-11-11,5.223276301727817,-0.0051356154576117745,0.0007214607364279075,1.4133864401628873,1
2021-11-12,4.770110148685795,0.019362428686780658,0.0013594984591260664,1.4388315376298528,1
2021-11-15,4.506424991578438,0.0008382748382397781,0.0007910554713220711,1.438899478344161,1
2021-11-16,4.341983578481155,-0.019032578490074514,0.000493324239291848,1.410803667092677,1
2021-11-17,4.394621557715784,0.008160134119046675,0.00010527595846925664,1.422167490523531,1
2021-11-18,4.307235862599587,-0.03937017967111072,0.0002621570853485906,1.365803669615014,1
2021-11-19,4.413305157307285,-0.010247403653968054,0.000212138589415396,1.3515179884365076,1
2021-11-22,4.450900897801818,0.02664073072467647,7.51914809890657e-05,1.3874217925968673,1
2021-11-23,4.613078396109788,0.02159800051853142,0.00032435499661594136,1.4169373120019537,1
2021-11-24,4.291299826172073,0.06266445020609611,0.0009653357098131448,1.5043610894492176,1
2021-11-25,3.634075433778124,0.030854626728458043,0.001971673177181849,1.5478114809201267,1
2021-11-26,3.5817924743681484,0.0020968432647132432,0.00015684887822992621,1.550814226504446,1
2021-11-29,3.6792664555332615,-0.033325951463902034,0.00019494796233022614,1.4988295387890203,1
2021-11-30,3.944846969704158,0.0007964535046061679,0.0005311610283417929,1.4992271669888637,1
2021-12-01,4.492131435097364,0.016986466375209237,0.0010945689307864121,1.5230527313725435,1
2021-12-02,4.4954384702546015,-0.0030431436821287384,6.614070314475029e-06,1.5184077894976602,1
2021-12-03,4.521599013080445,-0.02154402608459927,5.232108565168758e-05,1.4856157277296556,1
2021-12-06,4.530271116131689,-0.0024034373840359294,1.7344206102487546e-05,1.4820193765259475,1
2021-12-07,4.49423612426762,0.01822103225210717,0.000108104975592207,1.508863085715348,1
2021-12-08,4.522518322360997,-0.009030430552295998,5.656439618675435e-05,1.4951520544775005,1
2021-12-09,4.425029622314304,0.030675847426091946,0.00029246610014007854,1.540579829488971,1
2021-12-10,4.445269598555089,-0.020162697208128782,4.0479952481568663e-05,1.5094552222637423,1
2022-06-16,1.2448355966791254,0.09115002829389081,0.00960130200562789,1.6325493730285174,1
2022-06-17,1.2722162793044793,0.0012328024610826392,5.476136525070796e-05,1.6344725832809195,1
2022-06-20,0.9526413223593142,-0.012874267571745193,0.0009587248708354954,1.6118629363887893,1
2022-06-21,0.8703173885962903,-0.00015350586850961813,0.0002469718012890718,1.6112174212759893,1
2022-06-22,1.0050500347269458,0.004452548647446404,0.000269465292261311,1.6179572780525133,1
2022-06-23,1.000111983061006,0.00047449737815917053,1.4814154997819574e-05,1.618701025869026,1
2022-06-24,0.9741825340916674,-0.0002868064514029249,7.77883469080154e-05,1.6181108558949735,1
2022-06-27,0.9057805754290198,0.0019928333471342804,0.00020520587598794296,1.6210034353123313,1
2022-06-28,1.2078454790376112,0.005672504842848649,0.0006041298072171828,1.6292192886565413,1
2022-06-29,1.3394464273723772,-0.0005072811915837246,0.000263201896669532,1.6279640027475752,1
2022-06-30,1.1789609231259277,-0.004938078740552712,0.00048145651273934844,1.6191411944435943,1
2022-07-01,1.3197409160131375,-0.0034182064327821153,0.0002815599857744195,1.6131507502254903,1
2022-07-04,1.3312979285401594,-0.004508045723112748,2.311402505404381e-05,1.6058413064783434,1
2022-07-05,1.1551807140993606,-0.0007324885439010586,0.0005283516433223963,1.6038165972248322,1
2022-07-13,1.161419609766202,-0.0011325301118621143,1.2477791333682653e-05,1.6019802145457331,1
2022-07-15,1.1650828159077435,0.0039556852436165345,7.326412283083172e-06,1.608305407273456,1
2022-07-18,1.1638159266579913,-0.002537704864270248,3.800667749256803e-06,1.6042178901836934,1
2022-07-19,1.1066923243577134,-0.0007855643875650247,0.00017137080690083373,1.602682757624985,1
2022-07-20,1.0616601050716281,0.0015084357145201052,0.00013509665785825577,1.6048837844514698,1
2022-07-21,1.2747623628288935,-0.000954942742192101,0.00042620451551453087,1.602667203613637,1
2022-07-22,1.3005428129836312,-0.000427018421963123,5.156090030947525e-05,1.601900200229503,1
2022-07-25,1.4253137838125185,-0.003900222546363487,0.00024954194165777464,1.5952526916652365,1
2022-07-26,1.4025792927378153,-0.0007353110615230465,6.820347322410947e-05,1.593970882940889,1
2022-07-27,1.369491439723572,-0.0007419383846997638,9.926355904272998e-05,1.5926300315358901,1
2022-07-28,1.2488097550330897,0.00806149879378787,0.00036204505407144705,1.6048924127881838,1
2022-07-29,1.2842213987581572,0.0032345223673650877,7.082328745013512e-05,1.6099698094378843,1
2022-08-01,1.256965721538558,0.00495856180282515,8.176703165879796e-05,1.6178213017862866,1
2022-08-02,1.2981888593236377,0.0036477055402802192,8.24462755701596e-05,1.6235892541711254,1
2022-08-03,1.242805342971763,-0.0005345486454540553,0.00016615054905562432,1.622451606488513,1
2022-08-05,1.2556116769283607,-0.0002197063069484336,2.5612667913195608e-05,1.6220535883236467,1
2022-08-08,1.1993961934808621,-0.001535916424377223,0.00016864645034249582,1.6192886959961843,1
2022-08-09,1.3840730293164119,-0.00033304996695059493,0.00036935367167109943,1.6181513017241376,1
2022-08-10,1.3682988177285151,-0.00012036418422402842,4.732263476369014e-05,1.6178799590797106,1
2022-08-11,1.666827951464809,-0.006197991652805083,0.0005970582674725877,1.6068863839927472,1
2022-08-12,1.5572467845593818,0.0036367122782164332,0.0003287435007162816,1.6122019139799852,1
2022-08-15,1.6347270056144783,0.006427461440015571,0.00015496044211019288,1.6223144520942496,1
2022-08-16,1.8841708062809255,0.005244076117132965,0.0004988876013328944,1.630012640001344,1
2022-08-17,1.7190341926759156,0.003216016091421566,0.0004954098408150296,1.6344472625782993,1
2022-08-18,2.0040757773962437,0.0020121518751829988,0.000570083169440656,1.6368042478268499,1
2022-08-19,1.989445981847957,-0.0013780659008258403,4.388938664485975e-05,1.634476785372098,1
2022-08-22,2.1164218303586417,-0.0014416099424698185,0.0002539516970213693,1.6317054292341822,1
2022-08-23,2.1758219549238307,0.002390042988000807,0.00011880024913037791,1.6354114283423058,1
2022-08-24,2.2091919708030936,0.008460756417129137,6.674003175852584e-05,1.6491390986686334,1
2022-08-25,2.035149130394732,0.014300240333952897,0.0005221285212250849,1.6718611215648311,1
2022-08-26,1.9374595264225907,0.0009208306746611578,0.00029306881191642397,1.6729106522167552,1
2022-08-29,2.077125163793407,-0.0037095778678769603,0.00027933127474163256,1.6662375636213438,1
2022-08-30,2.3091293501997137,0.008820729839777998,0.00046400837281261343,1.6801618468383224,1
2022-08-31,2.3092711053548562,-0.0003512240144371195,2.8351031028517327e-07,1.6795712573063653,1
2022-09-05,2.1627605494608693,0.008153189213691354,0.000439531667681961,1.692526894809347,1
2022-09-06,2.239834115199555,0.0014250192891033533,0.00015414713147737124,1.6946778801159934,1
2022-09-07,2.236941461916634,-0.006388788583622864,8.677959848762296e-06,1.68383623507599,1
2022-09-08,2.207131095473921,-0.0009014732431442891,8.943109932813886e-05,1.6821677144386407,1
2022-09-09,2.2545657123331977,0.0091051891696607,9.486923371855306e-05,1.6973245837316455,1
2022-09-12,2.2800239677053344,0.010205621855620867,5.0916510744273506e-05,1.7145604147540554,1
2022-09-13,2.025685243840739,-0.005967994726673945,0.0007630161715937866,1.7030196899166072,1
2022-09-14,2.2255816104979678,-0.019937890670071522,0.00039979273331445776,1.6683842146333507,1
2022-09-15,1.9684826355654468,0.0036986101737427795,0.000771296924797563,1.673268097849178,1
2022-09-16,2.368835700357875,-0.014400858916047879,0.0008007061295848565,1.6478318040209416,1
2022-09-19,2.135132468775238,-0.027846594391584635,0.0007011096947479106,1.6007899892957043,1
2022-09-20,1.846675765466876,0.017739135391015258,0.0008653701099250868,1.6278013438393988,1
2022-09-21,1.7311418496519873,-0.01780308635035913,0.00034660174744466615,1.5982572571635278,1
2022-09-22,2.0224952872030797,-0.005059715578996704,0.0005827068751021849,1.589239214528282,1
2022-09-23,2.0772105386281106,-0.024274379625715062,0.00010943050285006173,1.5504875072723545,1
2022-09-26,1.0297887242528039,-0.0414488064061384,0.0031422654431259205,1.4813496074341863,1
2022-09-27,0.5284684607906078,-0.008618587808388941,0.0015039607903865881,1.4663545740411568,1
2022-09-28,0.0,-0.011346712903396717,0.0009148785084133591,1.4473915032407787,0
2022-09-29,0.0,-0.01471007009812287,0.00028055758866567395,1.4473915032407787,0
2022-09-30,0.0,-0.0005727832356644064,0.00023158466588121742,1.4473915032407787,0
2022-10-03,0.0,-0.030086614817144183,0.00017469640957161394,1.4473915032407787,0
2022-10-04,0.0,0.00023454481037223784,6.640321030213314e-05,1.4473915032407787,0
2022-10-05,0.0,0.01900650804842837,0.0004893379202142801,1.4473915032407787,0
2022-10-06,0.0,-0.02782766421124283,2.0126644226239778e-05,1.4473915032407787,0
2022-10-07,0.0,-0.025994083381546098,0.000636402580560838,1.4473915032407787,0
2022-10-10,0.0,0.007468429079417798,0.0003080051712812772,1.4473915032407787,0
2022-10-11,0.0,-0.036716803416379167,0.0012124834956814745,1.4473915032407787,0
2022-10-12,0.0,0.02328042316491553,0.0003682507675417117,1.4473915032407787,0
2022-10-13,0.0,0.0192379475045471,0.00015930359422640318,1.4473915032407787,0
2022-10-14,0.0,0.0034905602569784418,6.782328453770114e-05,1.4473915032407787,0
2022-10-17,0.0,-0.016555545984352205,0.0002505121649011444,1.4473915032407787,0
2022-10-18,0.0,0.010334108142462984,0.0001022401814238516,1.4473915032407787,0
2022-10-19,0.0,-0.004030625904371075,9.680627103608307e-05,1.4473915032407787,0
2022-10-20,0.0,-9.614329955554464e-05,0.0002448439251238572,1.4473915032407787,0
2022-10-21,0.0,-0.04410241906337975,3.335631062701605e-05,1.4473915032407787,0
2022-10-24,0.0,-0.037074995257377355,2.99561233304102e-05,1.4473915032407787,0
2022-10-25,0.0,0.021287035022010247,0.0002958724759239404,1.4473915032407787,0
2022-10-26,0.0,0.0049287222991762,6.167455174638014e-05,1.4473915032407787,0
2022-10-27,0.0,0.024699705778462998,0.00015696485750434387,1.4473915032407787,0
2022-10-28,0.0,-0.007130137410258117,4.401911122224789e-05,1.4473915032407787,0
2022-10-31,0.0,-0.014190705138089834,0.0001498592313023992,1.4473915032407787,0
2022-11-01,0.0,-0.005130423005319248,0.00016869161236113793,1.4473915032407787,0
2022-11-02,0.0,-0.024387974526069382,0.00017192871829952683,1.4473915032407787,0
2022-11-03,0.0,0.021473110398978094,0.000246807905537261,1.4473915032407787,0
2022-11-04,0.0,-0.027805527322594465,5.3013892928856834e-05,1.4473915032407787,0
2022-11-07,0.0,-0.012265194204426047,1.3003612672283004e-05,1.4473915032407787,0
2022-11-08,0.0,0.007050018630688246,0.00037513122497767485,1.4473915032407787,0
2022-11-09,0.0,0.004465916697092124,6.047389003362103e-06,1.4473915032407787,0
2022-11-10,0.0,-0.025764478431413353,5.5186016263322205e-06,1.4473915032407787,0
2022-11-11,0.0,0.016713617681167924,3.681884126007873e-05,1.4473915032407787,0
2022-11-14,0.0,-0.004123591645582274,0.0001924384698326449,1.4473915032407787,0
2022-11-15,0.0,-0.007569617976021513,0.001964022408797729,1.4473915032407787,0
2022-11-16,0.0,0.01821899300054383,5.321791308028367e-05,1.4473915032407787,0
2022-11-17,0.0,0.017127100977504424,0.0002154337633402015,1.4473915032407787,0
2022-11-18,0.0,0.007841388349615511,0.0004947393374534031,1.4473915032407787,0
2022-11-21,0.0,-0.009650608575327974,5.8260660671993094e-05,1.4473915032407787,0
2022-11-22,0.0,-0.01210948900610642,0.0005869905363048804,1.4473915032407787,0
2022-11-23,0.0,-0.00964466095641524,0.00023367395270392223,1.4473915032407787,0
2022-11-24,0.0,-0.003785522176894795,0.0001045489886334876,1.4473915032407787,0
2022-11-25,0.0,0.030752250065361683,0.0003545089254949271,1.4473915032407787,0
2022-11-28,0.0,0.030813661162998104,0.0002441025454532506,1.4473915032407787,0
2022-11-29,0.0,0.025849027426150285,0.00013426547136283874,1.4473915032407787,0
2022-11-30,0.0,0.00297771401286657,9.10845428524254e-06,1.4473915032407787,0
2022-12-01,0.0,-0.00245957506674939,6.128837605164806e-05,1.4473915032407787,0
2022-12-02,0.0,0.02520830330509177,0.0001435951393768745,1.4473915032407787,0
2022-12-05,0.0,0.0030888647043191765,0.0002927895427447297,1.4473915032407787,0
2022-12-06,0.0,-0.009255225373517566,9.70768310273129e-06,1.4473915032407787,0
2022-12-07,0.0,0.0030032617519895463,0.000825129103044417,1.4473915032407787,0
2022-12-08,0.0,-0.002752464987173497,1.0800195594562912e-05,1.4473915032407787,0
2022-12-09,0.0,-0.007347952571103553,2.2162347673249096e-06,1.4473915032407787,0
2022-12-12,0.0,-0.009535351941290434,2.256127288353671e-06,1.4473915032407787,0
2023-06-16,0.0,0.0021524540599309407,0.0015342814226309638,1.4473915032407787,0
2023-06-19,0.0,-0.0003975179349671077,4.289539892234817e-05,1.4473915032407787,0
2023-06-20,0.0,0.002469623413852051,0.0002699668451787529,1.4473915032407787,0
2023-06-21,0.0,0.004933418309637035,4.679930732086168e-05,1.4473915032407787,0
2023-06-22,0.0,0.0018409877087375976,0.0002517483825466893,1.4473915032407787,0
2023-06-23,0.0,0.003344459298951869,0.00011731804828135228,1.4473915032407787,0
2023-06-26,0.0,0.003996696879597781,0.00038752347298733514,1.4473915032407787,0
2023-06-27,0.0,0.0010465235703670426,0.0014116346349732191,1.4473915032407787,0
2023-06-28,0.0,3.556278603159978e-05,0.0001320891934223013,1.4473915032407787,0
2023-06-29,0.0,-0.002065513726617887,0.0005646426223145991,1.4473915032407787,0
2023-06-30,0.0,2.6286533808304326e-06,0.0009580707568503309,1.4473915032407787,0
2023-07-03,0.0,0.0009043672620741965,0.0004852450974862779,1.4473915032407787,0
2023-07-04,0.0,0.0010002717074336252,0.0006243124349671156,1.4473915032407787,0
2023-07-05,0.0,3.981658766034478e-05,2.6310891373880873e-05,1.4473915032407787,0
2023-07-06,0.0,-0.003308010870634113,0.0009204353128092933,1.4473915032407787,0
2023-07-07,0.0,0.005229224287566219,0.00011695584976885077,1.4473915032407787,0
2023-07-10,0.0,0.012612691584106769,0.0006407597988323996,1.4473915032407787,0
2023-07-11,0.0,0.003703394931928887,0.0002747519188076282,1.4473915032407787,0
2023-07-12,0.0,0.00255025972423137,0.00018585894867082753,1.4473915032407787,0
2023-07-13,0.0,0.0049578563586858545,0.00017159052948986596,1.4473915032407787,0
2023-07-14,0.0,0.0040027593028482385,0.0005769681279534308,1.4473915032407787,0
2023-07-17,0.0,0.00295770527963111,0.0007320882024786092,1.4473915032407787,0
2023-07-18,0.0,-0.0008712986403637654,0.000534222653526883,1.4473915032407787,0
2023-07-19,0.0,-0.00025234374768175877,6.68442937656516e-05,1.4473915032407787,0
2023-07-20,0.0,0.0005272699860503707,1.87937111738834e-05,1.4473915032407787,0
2023-07-21,0.0,0.014091424363803525,0.0005101469350838612,1.4473915032407787,0
2023-07-24,0.0,0.0005187540896708223,8.201436823170338e-05,1.4473915032407787,0
2023-07-25,0.0,-0.0005932440227760825,3.827356616350919e-06,1.4473915032407787,0
2023-07-26,0.0,0.0026367996708649044,4.0463136449954365e-05,1.4473915032407787,0
2023-07-27,0.0,-0.002514731666079239,0.0009938005708248034,1.4473915032407787,0
2023-07-28,0.0,0.0018959093128824607,0.00025028352065869375,1.4473915032407787,0
2023-07-31,0.0,0.007593873171363598,8.45766443287399e-06,1.4473915032407787,0
2023-08-01,0.0,0.0021947671094554796,3.750516197936427e-06,1.4473915032407787,0
2023-08-02,0.0,-0.0013755377030463566,0.0001419401296545872,1.4473915032407787,0
2023-08-03,0.0,-0.0010409225409337408,0.0005480628482368389,1.4473915032407787,0
2023-08-04,0.0,0.002273284019543029,0.00025875824436640205,1.4473915032407787,0
2023-08-07,-0.0,0.000892208398653411,0.00037689371176861,1.4473915032407787,0
2023-08-08,0.0,-0.00018881554933884847,0.00024309201738765093,1.4473915032407787,0
2023-08-09,0.0,-0.000759456037844352,0.0008785199620937599,1.4473915032407787,0
2023-08-10,0.0,-0.0038485839494284183,0.00019805484072059703,1.4473915032407787,0
2023-08-11,-0.0,0.0077739268529078325,0.0013839274097265863,1.4473915032407787,0
2023-08-14,-0.0,-1.6415473022971806e-05,0.0007250728989074268,1.4473915032407787,0
2023-08-15,-0.0,0.0005557158234527065,0.0004381482959097709,1.4473915032407787,0
2023-08-16,0.0,-0.0004102467737419307,0.0005653435419409558,1.4473915032407787,0
2023-08-17,0.0,-0.0018739736236125417,0.00011568458399689667,1.4473915032407787,0
2023-08-18,0.0,-0.004741005436098427,0.00029320775488059014,1.4473915032407787,0
2023-08-21,0.0,-0.0013345332983783454,0.000770422099091082,1.4473915032407787,0
2023-08-22,0.0,0.0002916399943202175,0.0003094212065588661,1.4473915032407787,0
2023-08-23,0.0,-0.0008585506989472926,0.00025158042015340805,1.4473915032407787,0
2023-08-24,-0.0,0.00261708370830462,0.0005488720048780695,1.4473915032407787,0
2023-08-25,0.0,8.648777085329704e-06,6.446315676332875e-05,1.4473915032407787,0
2023-08-28,0.0,0.00034347780195007424,7.09139943091422e-05,1.4473915032407787,0
2023-08-29,0.0,-4.129531152325516e-06,0.0003225312757980869,1.4473915032407787,0
2023-08-30,0.0,0.00014353538707677891,0.00027273688119473,1.4473915032407787,0
2023-08-31,0.0,5.174988492789584e-05,6.438190334667733e-05,1.4473915032407787,0
2023-09-05,0.0,0.0001732483106443178,4.670715479773413e-05,1.4473915032407787,0
2023-09-06,0.0,0.00015255948383002173,0.000243285300518629,1.4473915032407787,0
2023-09-07,-0.0,-1.909423342181896e-05,0.0002015037661298771,1.4473915032407787,0
2023-09-08,-0.0,0.000309381129435753,0.00038508001712404615,1.4473915032407787,0
2023-09-11,0.0,0.0024351714332387945,0.0009003273539762407,1.4473915032407787,0
2023-09-12,0.0,0.005092797131938529,0.0012798656459077744,1.4473915032407787,0
2023-09-13,0.0,-0.004580956451188567,5.8992432969432686e-05,1.4473915032407787,0
2023-09-14,0.0,-0.0171245507537825,0.00022098931896951957,1.4473915032407787,0
2023-09-15,0.0,0.0011112382611834129,6.239131356279737e-05,1.4473915032407787,0
2023-09-18,0.0,-0.010307760222948933,0.00010509335205707583,1.4473915032407787,0
2023-09-19,0.0,0.0036117129099062714,0.0001412005488625694,1.4473915032407787,0
2023-09-20,0.0,0.010448782223789435,0.0003878876853748752,1.4473915032407787,0
2023-09-21,0.0,-0.012989395493015267,7.978339357683262e-05,1.4473915032407787,0
2023-09-22,0.0,-0.025968566609919627,0.000328053618871891,1.4473915032407787,0
2023-09-25,0.0,-0.010461372909895288,0.00016634458672647458,1.4473915032407787,0
2023-09-26,0.0,0.003723857926276907,8.3268793084037e-06,1.4473915032407787,0
2023-09-27,0.0,0.0021094770273624467,5.9405969898469025e-05,1.4473915032407787,0
2023-09-28,0.0,0.007656085078021534,0.0018286081679405792,1.4473915032407787,0
2023-09-29,0.0,-0.0004887916231792506,0.0001298430593588782,1.4473915032407787,0
2023-10-02,0.0,7.202928163973345e-05,0.0001997372348877846,1.4473915032407787,0
2023-10-03,0.0,-0.00265194120257831,1.5087228656317066e-05,1.4473915032407787,0
2023-10-04,0.0,-0.00018620481422993124,0.0005780838847288671,1.4473915032407787,0
2023-10-05,0.0,-0.0009758488706618308,5.8386315772761874e-05,1.4473915032407787,0
2023-10-06,0.0,0.0012735864141642445,6.590389697902787e-05,1.4473915032407787,0
2023-10-09,0.0,0.001847764185310698,0.0008093941682474305,1.4473915032407787,0
2023-10-10,0.0,0.0013638442147409602,0.00035574393946327123,1.4473915032407787,0
2023-10-11,0.0,6.678268532364232e-05,0.0005353995501092814,1.4473915032407787,0
2023-10-12,0.0,-0.0003475044301042604,0.0002478386429425493,1.4473915032407787,0
2023-10-13,0.0,-0.0007450860560872859,0.000537263106506505,1.4473915032407787,0
2023-10-16,0.0,-0.0027613081509996152,3.1599288461272305e-05,1.4473915032407787,0
2023-10-17,0.0,-0.0037334261559325782,0.00045263183909078665,1.4473915032407787,0
2023-10-18,-0.0,-0.0014746089777786491,0.0011171997586854605,1.4473915032407787,0
2023-10-19,-0.0,0.004917009660556075,0.00021456203848183942,1.4473915032407787,0
2023-10-20,-0.0,-0.006285446799050769,0.0004887353415851988,1.4473915032407787,0
2023-10-23,-0.0,0.0011898371628440297,2.8450760216788107e-05,1.4473915032407787,0
2023-10-24,0.0,-0.0005310136216651932,0.0003381871813818863,1.4473915032407787,0
2023-10-25,0.0,0.00016335477674547504,0.00023330676607777556,1.4473915032407787,0
2023-10-26,0.0,-0.00038630695462026093,0.0004960654837080088,1.4473915032407787,0
2023-10-27,0.0,-0.0027875302716393008,9.931637056314368e-05,1.4473915032407787,0
2023-10-30,0.0,-0.004003047960832008,9.03887727521724e-05,1.4473915032407787,0
2023-10-31,0.0,-0.002240135817765409,8.7242029375183e-05,1.4473915032407787,0
2023-11-01,0.0,0.0011217058837141459,0.00014751933639635284,1.4473915032407787,0
2023-11-02,0.0,0.00726496805054662,0.0003039349351373726,1.4473915032407787,0
2023-11-03,0.0,-0.001361850629462484,0.00029080838100804243,1.4473915032407787,0
2023-11-06,0.0,0.00048510635185751677,1.2285206985577446e-05,1.4473915032407787,0
2023-11-07,0.0,-0.00010301787510694513,5.017162284469756e-05,1.4473915032407787,0
2023-11-08,0.0,0.0009607912793978267,0.00020535723685820794,1.4473915032407787,0
2023-11-09,0.0,0.008360771606002512,1.948952834971607e-05,1.4473915032407787,0
2023-11-10,0.0,-0.0008036056080127052,1.2175410739884817e-05,1.4473915032407787,0
2023-11-13,0.0,-0.00029748718663213735,1.6339364180251616e-05,1.4473915032407787,0
2023-11-14,0.0,0.004981750408430306,0.0008608414887829039,1.4473915032407787,0
2023-11-15,0.0,0.009493379090971341,2.3524503265740737e-05,1.4473915032407787,0
2023-11-16,0.0,-0.0006416637055339911,0.00011840115665745366,1.4473915032407787,0
2023-11-17,0.0,-0.002799883930573927,2.0506286868707147e-05,1.4473915032407787,0
2023-11-23,0.0,-0.015758639032836037,0.0005785717668725478,1.4473915032407787,0
2023-11-24,0.0,0.005751528736041946,6.332906760611113e-05,1.4473915032407787,0
2023-11-27,0.0,-0.004900186701349569,8.062032128384145e-05,1.4473915032407787,0
2023-11-28,0.0,0.0018071814953477866,0.0004234213565304301,1.4473915032407787,0
2023-11-29,0.0,0.008159969517557035,2.7121952336566892e-05,1.4473915032407787,0
2023-11-30,0.0,-0.0065902458437792355,0.00010352427090452743,1.4473915032407787,0
2023-12-01,0.0,0.004698176288497038,0.0006710151520591587,1.4473915032407787,0
2023-12-04,0.0,0.0027982900091000225,4.3956575938580936e-05,1.4473915032407787,0
2023-12-05,0.0,-0.0024577381759708222,8.484783086659498e-05,1.4473915032407787,0
2023-12-06,0.0,0.002211548045411998,6.673190887022474e-05,1.4473915032407787,0
2023-12-07,0.0,0.0018238641427816467,8.395634846127021e-05,1.4473915032407787,0
2023-12-08,0.0,0.010845108400526465,0.00010547845871691175,1.4473915032407787,0
2023-12-11,0.0,0.003378501138579602,0.0005437093197709418,1.4473915032407787,0
2023-12-12,0.0,0.0,3.915089200109767e-05,1.4473915032407787,0
2024-06-18,0.0,9.094163289914766e-05,0.0017419609247501504,1.4473915032407787,0
2024-06-19,0.0,-0.002182183921804561,1.2637780150278832e-05,1.4473915032407787,0
2024-06-20,0.0,0.005683434903637192,5.5117627951300375e-05,1.4473915032407787,0
2024-06-21,0.0,0.0019638347680319525,0.0011864877018700334,1.4473915032407787,0
2024-06-24,0.0,-0.013864730334088898,0.00040362703958363036,1.4473915032407787,0
2024-06-25,0.0,-0.0026329809102815273,0.0002907320909486772,1.4473915032407787,0
2024-06-26,0.0,0.0032147649367226952,0.0013715439424199758,1.4473915032407787,0
2024-06-27,0.0,0.006261031666943986,0.00026861294619651057,1.4473915032407787,0
2024-06-28,0.0,-0.006696216442264035,0.0003411932526989361,1.4473915032407787,0
2024-07-01,0.0,-0.0012665333349173018,0.00012253011136082392,1.4473915032407787,0
2024-07-02,0.0,-0.001515254044087088,4.819164278792698e-06,1.4473915032407787,0
2024-07-03,0.0,0.00846097918145418,0.00012479360950179696,1.4473915032407787,0
2024-07-04,0.0,0.013512156914814494,9.17919654695698e-05,1.4473915032407787,0
2024-07-05,0.0,0.01085447691618333,0.00030157274123959786,1.4473915032407787,0
2024-07-08,0.0,0.00887850503170905,0.0006080861158060484,1.4473915032407787,0
2024-07-09,0.0,-0.002573449510542819,0.0007201459700676978,1.4473915032407787,0
2024-07-10,0.0,-0.013019164820509938,0.00022018989945928703,1.4473915032407787,0
2024-07-11,0.0,-0.008746779366442324,1.1607203856573989e-06,1.4473915032407787,0
2024-07-12,0.0,-0.005581348197306732,0.0002547038093147851,1.4473915032407787,0
2024-07-15,0.0,-0.008570986637805785,0.002133757523307575,1.4473915032407787,0
2024-07-16,0.0,0.0004902931391879291,1.500600566132615e-05,1.4473915032407787,0
2024-07-17,0.0,0.0006371655028534813,0.0005193008620400158,1.4473915032407787,0
2024-07-18,0.0,0.006142135851674918,0.0007757114619863886,1.4473915032407787,0
2024-07-19,0.0,-0.0010699118952162212,0.0005426403230641665,1.4473915032407787,0
2024-07-22,0.0,0.0012498623374941767,0.00040832740167574236,1.4473915032407787,0
2024-07-23,0.0,-0.0023661977001382755,0.0015718104271439898,1.4473915032407787,0
2024-07-24,0.0,-0.000986542847466188,0.00019946019167923313,1.4473915032407787,0
2024-07-25,0.0,-0.006212116111637707,0.00020371246315854672,1.4473915032407787,0
2024-07-26,0.0,0.012378120331807239,0.001305191321893015,1.4473915032407787,0
2024-07-29,0.0,0.0056430537281667095,4.1166848736515326e-05,1.4473915032407787,0
2024-07-30,0.0,0.003099481119315135,0.0001302273284213069,1.4473915032407787,0
2024-07-31,0.0,0.007632041815008936,0.00018831298589270373,1.4473915032407787,0
2024-08-01,0.0,-0.0165190031256067,0.0024317235502630367,1.4473915032407787,0
2024-08-02,0.0,0.014088131139277425,0.0001735419753860299,1.4473915032407787,0
2024-08-05,0.0,-0.05855302327806442,7.182360815397182e-05,1.4473915032407787,0
2024-08-06,0.0,0.034291075883181366,0.0029883479931573915,1.4473915032407787,0
2024-08-07,0.0,0.01251892940327208,0.00010324859822984168,1.4473915032407787,0
2024-08-08,0.0,-0.008437125780405626,0.0007133135099247896,1.4473915032407787,0
2024-08-09,0.0,0.012807948219710258,5.990142879542893e-05,1.4473915032407787,0
2024-08-12,0.0,-0.0012874831079152536,3.5793282107950296e-05,1.4473915032407787,0
2024-08-13,0.0,0.0007837400974834783,0.000259490796867073,1.4473915032407787,0
2024-08-14,0.0,0.002198666248468585,0.0014539267326854417,1.4473915032407787,0
2024-08-15,0.0,-2.8259107205755867e-06,0.002200896349373916,1.4473915032407787,0
2024-08-16,0.0,0.0052177822763961376,0.00014746260880746953,1.4473915032407787,0
2024-08-19,0.0,0.003885828799188335,0.00012448120391088778,1.4473915032407787,0
2024-08-20,0.0,0.0034479548849295854,1.2861476278516081e-05,1.4473915032407787,0
2024-08-21,0.0,0.004486254643950233,0.0014244404511882267,1.4473915032407787,0
2024-08-22,0.0,0.00020067405178850382,9.626821915006945e-05,1.4473915032407787,0
2024-08-23,0.0,-0.0005009179981170615,0.0015363070927964292,1.4473915032407787,0
2024-08-26,0.0,0.008093815267657744,9.819724290790699e-05,1.4473915032407787,0
2024-08-27,0.0,0.02460032688592426,4.8706209318862384e-05,1.4473915032407787,0
2024-08-28,0.0,-0.0034030671795054483,7.55354567924913e-05,1.4473915032407787,0
2024-08-29,0.0,0.003347601711505846,8.957936495340935e-06,1.4473915032407787,0
2024-08-30,0.0,0.006379902052174856,0.00039129694981742964,1.4473915032407787,0
2024-09-04,0.0,-0.002727905893075978,0.00010340835391001769,1.4473915032407787,0
2024-09-05,0.0,0.008049888779163938,0.0004015557588868735,1.4473915032407787,0
2024-09-06,0.0,0.0010667240698853757,6.401686017381138e-05,1.4473915032407787,0
2024-09-09,0.0,-0.003734583796704539,8.855489184819376e-05,1.4473915032407787,0
2024-09-10,0.0,-0.0069727414114330016,0.0002778757121232589,1.4473915032407787,0
2024-09-11,0.0,-0.004360975471638472,0.002399801170758873,1.4473915032407787,0
2024-09-12,0.0,0.002098668691058486,1.950718897787418e-06,1.4473915032407787,0
2024-09-13,0.0,-0.0006772303135081687,0.0002913694939590559,1.4473915032407787,0
2024-09-16,0.0,-0.009864427468235815,0.0003872666326828673,1.4473915032407787,0
2024-09-17,0.0,0.007202770320843713,0.0002690240962913877,1.4473915032407787,0
2024-09-18,0.0,0.0009973221272688785,0.00015033828687061003,1.4473915032407787,0
2024-09-19,0.0,0.0037681118512791745,2.672202757369213e-05,1.4473915032407787,0
2024-09-20,0.0,0.004022963041225786,8.90025171751705e-05,1.4473915032407787,0
2024-09-23,0.0,-0.0011421671728792937,0.00032493087964255364,1.4473915032407787,0
2024-09-24,0.0,0.00789688915182641,0.0009886585227669284,1.4473915032407787,0
2024-09-25,0.0,0.005509243174651948,0.00012257617163185941,1.4473915032407787,0
2024-09-26,0.0,0.0038307480503535305,0.00010663436828185713,1.4473915032407787,0
2024-09-27,0.0,-0.009231546173479998,8.092803050639042e-05,1.4473915032407787,0
2024-09-30,0.0,-0.0017852917835027066,4.989218867279011e-05,1.4473915032407787,0
2024-10-01,0.0,0.008952069710223453,1.0059860708657275e-05,1.4473915032407787,0
2024-10-02,0.0,-0.009588817275015734,4.779467592988328e-05,1.4473915032407787,0
2024-10-03,0.0,-0.01867372626758854,0.00024631072272854305,1.4473915032407787,0
2024-10-04,0.0,-0.0015388449066734348,5.8154667792540415e-05,1.4473915032407787,0
2024-10-07,0.0,-0.0032143411556649197,0.0003422044774077859,1.4473915032407787,0
2024-10-08,0.0,0.003814146066831703,6.345769766256471e-05,1.4473915032407787,0
2024-10-09,0.0,0.028912217731500604,0.00010739403617894716,1.4473915032407787,0
2024-10-10,0.0,0.010367640804641004,4.7816555712627544e-05,1.4473915032407787,0
2024-10-11,0.0,0.009103807157241607,8.552912100489962e-05,1.4473915032407787,0
2024-10-14,0.0,0.0006236594175436874,0.00047579015899543766,1.4473915032407787,0
2024-10-15,0.0,-0.006334462173956436,4.033879201693491e-05,1.4473915032407787,0
2024-10-16,0.0,-0.00011919545530854115,0.00010172882607354427,1.4473915032407787,0
2024-10-17,0.0,0.0031862852507223384,0.00017346107439359672,1.4473915032407787,0
2024-10-18,0.0,9.96126703733205e-05,0.0002452372707510788,1.4473915032407787,0
2024-10-21,0.0,0.01597181243081288,3.67960866304875e-05,1.4473915032407787,0
2024-10-22,0.0,-0.003969221805518734,9.285041617823797e-05,1.4473915032407787,0
2024-10-23,0.0,0.001518893706571175,0.0023109223148453464,1.4473915032407787,0
2024-10-24,0.0,-0.012829725437527178,0.0006639867133798174,1.4473915032407787,0
2024-10-25,0.0,-0.0040708996103749765,7.696322063456363e-05,1.4473915032407787,0
2024-10-28,0.0,0.0015189654883067596,0.00043263576840362817,1.4473915032407787,0
2024-10-29,0.0,0.0027657398872728348,2.1085657960187465e-05,1.4473915032407787,0
2024-10-30,0.0,0.0001992011977757812,0.0005542513744232407,1.4473915032407787,0
2024-10-31,0.0,-0.0037402954129195295,6.0627013011494315e-05,1.4473915032407787,0
2024-11-01,0.0,-0.016851757437189387,0.00027526030020474224,1.4473915032407787,0
2024-11-04,0.0,-0.012621005182636553,1.767418996747594e-06,1.4473915032407787,0
2024-11-05,0.0,0.003224492506312005,5.4714706082535706e-05,1.4473915032407787,0
2024-11-06,0.0,0.0218356830967377,0.0004714507128366279,1.4473915032407787,0
2024-11-07,0.0,-0.0023542786544504396,0.00018054234009081684,1.4473915032407787,0
2024-11-08,0.0,-0.01335644041740644,0.00015567764954193785,1.4473915032407787,0
2024-11-11,0.0,0.0058714829180157805,0.00061665876035506,1.4473915032407787,0
2024-11-12,0.0,-0.020660911902569187,0.0005069250667811157,1.4473915032407787,0
2024-11-13,0.0,0.005027300080817403,0.0023390779407839934,1.4473915032407787,0
2024-11-14,0.0,-0.004544141782865517,0.0003501563822918232,1.4473915032407787,0
2024-11-15,0.0,-0.012925612479722152,0.0019512001487376393,1.4473915032407787,0
2024-11-18,0.0,0.0003997122654012038,0.0008735080171894687,1.4473915032407787,0
2024-11-19,0.0,-0.011097768572755557,0.0007355552483513355,1.4473915032407787,0
2024-11-20,0.0,0.004116809713351402,0.0005129203729862428,1.4473915032407787,0
2024-11-21,0.0,0.002582592073429824,0.00018883083224907304,1.4473915032407787,0
2024-11-22,0.0,0.0014808333791503138,5.545098072675003e-06,1.4473915032407787,0
2024-11-25,0.0,0.0030474724808289707,7.808585168052406e-05,1.4473915032407787,0
2024-11-26,0.0,0.0017994806571803427,0.00011763670847151353,1.4473915032407787,0
2024-11-27,0.0,0.002117283513452641,0.0015128684783907987,1.4473915032407787,0
2024-11-28,0.0,0.0007193195518111238,0.00013766196580246336,1.4473915032407787,0
2024-11-29,0.0,0.00714440970536874,0.00025112205343070485,1.4473915032407787,0
2024-12-02,0.0,-0.0010065248789446228,0.00027945009372580776,1.4473915032407787,0
2024-12-03,0.0,0.0001922780043378459,2.665380509507509e-05,1.4473915032407787,0
2024-12-04,0.0,-0.010872287172067925,0.0004444495090954428,1.4473915032407787,0
2024-12-05,0.0,0.016041382772321363,0.00035209023649718674,1.4473915032407787,0
2024-12-06,0.0,0.00544949623198864,3.3289795949547066e-06,1.4473915032407787,0
2024-12-09,0.0,0.002386206341787453,0.0011532775806190898,1.4473915032407787,0
2024-12-10,0.0,0.00081538185652054,0.0005411926727407597,1.4473915032407787,0
2024-12-11,0.0,-0.0018284634402849884,0.0002666867130169042,1.4473915032407787,0
2025-06-20,0.0,-0.015037715636160848,2.1448429203902998e-05,1.4473915032407787,0
2025-06-23,0.0,-0.006599123399542475,0.0008215090741115186,1.4473915032407787,0
2025-06-24,0.0,0.013575191668167308,0.0003771190381693961,1.4473915032407787,0
2025-06-25,0.0,0.012015276101194504,1.3769946735026295e-05,1.4473915032407787,0
2025-06-26,0.0,-0.0019505461797576192,3.199766430496798e-05,1.4473915032407787,0
2025-06-27,0.0,0.018438655533893226,0.0001587343524091862,1.4473915032407787,0
2025-06-30,0.0,0.0025838755903937393,2.3128642557763256e-05,1.4473915032407787,0
2025-07-01,0.0,0.003471125134880058,2.7856824910556633e-05,1.4473915032407787,0
2025-07-02,0.0,0.0011701923293323435,2.1342569848693315e-05,1.4473915032407787,0
2025-07-03,0.0,-0.0025263684550838883,0.00011532194291469366,1.4473915032407787,0
2025-07-04,0.0,0.010550100058467874,0.00010900636670952136,1.4473915032407787,0
2025-07-07,0.0,0.017355437224303005,0.0022098774016500763,1.4473915032407787,0
2025-07-08,0.0,0.027379444026794892,0.0006534918633111432,1.4473915032407787,0
2025-07-09,0.0,0.012775443221860186,0.0012394816696820671,1.4473915032407787,0
2025-07-10,0.0,0.033371902395458494,0.001012750767150977,1.4473915032407787,0
2025-07-11,0.0,0.025341167459922365,0.00016749163913246123,1.4473915032407787,0
2025-07-14,0.0,0.014265306605495957,0.00011151406779435513,1.4473915032407787,0
2025-07-15,0.0,-0.014487952536856967,0.00015895813317968788,1.4473915032407787,0
2025-07-16,2.531229955937275,0.01836657516875329,1.1667106747762724e-05,1.4400641417788345,1
2025-07-17,2.088783686817298,0.019090725867238457,0.0013273388073599306,1.4656445585203035,1
2025-07-18,1.5461081322118815,0.014292127410150606,0.0016280266638162497,1.4842056288677214,1
2025-07-21,1.7483140750705708,-0.006408632227197154,0.00040441188571737865,1.4740936704456096,1
2025-07-22,2.321679144687014,0.016253822050816477,0.0011467301392328864,1.496362939011315,1
2025-07-23,2.3522388333099444,-0.0037495301657134127,6.111937724586091e-05,1.4906608242616701,1
2025-07-24,2.3855713749078635,0.005516066653294493,6.66650831958382e-05,1.4987840336978864,1
2025-07-25,2.161213047723748,0.0009808064070919134,0.0006730749815523463,1.4992452566451524,1
2025-07-28,0.6912710239176674,0.01944571330148448,0.004409826071418242,1.5217877392542805,1
2025-07-29,0.6506387612228658,-0.01598425186781655,0.00012189678808440474,1.4972775997031236,1
2025-07-30,0.44920315728801397,0.002443347155500272,0.0006043068118045555,1.5000311536146895,1
2025-07-31,0.8656250496451126,-0.0065193724504030584,0.0008328437847141972,1.489002600213902,1
2025-08-01,0.5475435741777794,0.0022237423807517902,0.0009542444264019994,1.4908928859688952,1
2025-08-04,0.5222904725993074,0.006137421315709663,7.575930473541615e-05,1.4999301747382048,1
2025-08-05,0.855912988751455,0.0057161537913283,0.0006672450323042953,1.507503185335365,1
2025-08-06,1.0746586706475583,0.009557323795061346,0.00043749136379220646,1.521251361775228,1
2025-08-07,0.9199038492050786,0.0012783809883701452,0.00046426446432743895,1.5224898376460716,1
2025-08-08,1.2576451304232648,-0.0034049624695165113,0.0006754825624363723,1.5162774015518499,1
2025-08-11,1.3956839829426495,0.002792815179258647,0.0002760777050387695,1.520093473709648,1
2025-08-12,1.439126764842942,0.00346191517800158,8.688556380058499e-05,1.5252238341997717,1
2025-08-13,1.5581916765816097,-0.005690920538401312,0.00023812982347733548,1.5161807052736636,1
2025-08-14,1.5866657230467784,0.0192401121451987,5.694809293033743e-05,1.545265848475812,1
2025-08-15,1.0813369469241865,-0.010598319260484254,0.0015159863283677759,1.5265460257713592,1
2025-08-18,1.233271123046774,0.002191954395794026,0.0003038683522451753,1.5294282760174531,1
2025-08-19,1.2050711276288626,-0.0012429525664851158,8.459998625373455e-05,1.527397879605395,1
2025-08-20,1.0501651135704924,0.004449957876879186,0.00046471804217511066,1.5334849264786412,1
2025-08-21,1.1116643815764111,0.008681443845441618,0.0001229985360118375,1.5466091733547438,1
2025-08-22,0.9472618401225921,-0.015931930047873324,0.0004932076243614571,1.521205904757251,1
2025-08-25,0.7434458411435523,-0.004269755040252818,0.0006114479969371194,1.5137805898747585,1
2025-08-26,0.8790894978150878,0.011015691578366703,0.0002712873133430711,1.530045260500919,1
2025-08-27,1.1623232342879082,0.006508060189346797,0.0005664674729456407,1.5391361662764753,1
2025-08-28,1.1426274186731031,0.0016765317449714,5.9087446844415146e-05,1.5416256332926603,1
2025-08-29,1.076276297839295,0.00042676440803881584,0.00019905336250142437,1.541976678477445,1
2025-09-03,1.0413627889287285,0.0021295276789572624,0.00010474052673169966,1.5450988530450573,1
2025-09-04,0.4264064501878741,0.003839715299640553,0.001844869016222563,1.5481810877495676,1
2025-09-05,0.38780645251307205,-0.0031791133597320618,0.00011579999302440615,1.5430799652110565,1
2025-09-08,0.42418816324122044,-0.0018270176953365115,7.276342145629678e-05,1.5401484510314472,1
2025-09-09,0.4738952472893587,0.0013481859418403848,9.941416809627657e-05,1.5420717449444707,1
2025-09-10,0.49920732146707975,0.00025852210719495735,5.062414835544205e-05,1.5423923385126286,1
2025-09-11,0.46256793693554754,0.006384550622687422,0.00010991815359459662,1.5520702835599398,1
2025-09-12,0.48603459308452956,0.0006802469660816965,4.693331229796405e-05,1.55305323086215,1
2025-09-15,0.5038776516696513,0.0016446153246036574,3.5686117170243394e-05,1.555551983565983,1
2025-09-16,0.4611830692857727,0.000988758864596598,0.00012808374715163573,1.5568908084521307,1
2025-09-17,0.4968576137383059,0.004380339466456511,7.134908890506641e-05,1.5635994359646492,1
2025-09-18,0.4718509919546606,-0.00184941767017314,7.50198653509358e-05,1.5605903865195547,1
2025-09-19,0.48251766396000384,0.0029648874590254507,2.1333344010686427e-05,1.5651840687736467,1
2025-09-22,0.5747260092707313,-0.004515084575935421,0.00018441669062145484,1.5578284842600503,1
2025-09-23,0.5560406197555532,-0.0009174674771063174,5.60561685455342e-05,1.556311901394753,1
2025-09-24,0.5978396021966905,0.0004244879767204491,8.359796488227467e-05,1.5568424325772432,1
2025-09-25,0.6172229637423683,0.004027774200781459,3.876672309135554e-05,1.5630526886823792,1
2025-09-26,0.6409262182596294,0.001909517645280376,4.740650903452215e-05,1.5659632665005137,1
2025-09-29,0.6498511146827695,0.004246364302067671,1.7849792846280187e-05,1.5725849648938186,1
2025-09-30,0.8419456999611483,0.0014625408238402584,0.00038418917055675774,1.5742807644906405,1
2025-10-01,0.8274811867943148,-0.00251122928832836,4.339353950050051e-05,1.5702590709122608,1
2025-10-02,0.6410596838653263,-0.0033785299915783523,0.0005592645087869655,1.5640757133786738,1
2025-10-03,0.6085303967157325,0.0009962747471256425,9.758786144878141e-05,1.565481327710493,1
2025-10-06,0.6527668048141329,0.01703308663079752,8.84728161968007e-05,1.5920078042425159,1
2025-10-07,0.8223878704317693,-0.002398347210300712,0.00033924213123527294,1.5876495406459794,1
2025-10-08,0.7289715398401573,0.006024775039358616,0.00028024899177483606,1.596769834786655,1
2025-10-09,0.8496283388842505,0.005620145012949257,0.00024131359808818642,1.605358590536308,1
2025-10-10,0.7157184194106735,0.01912154871098269,0.00040172975842073103,1.6354106127050874,1
2025-10-13,1.004171840191163,0.002894054399869629,0.0005769068415609791,1.639200100413149,1
2025-10-14,0.5256345231005708,-0.003858999722456095,0.0014356119512717767,1.6305211724259256,1
2025-10-15,0.4092164932755905,-0.003821285825677455,0.00034925408947494087,1.6237210187938225,1
2025-10-16,0.34318294162063734,0.004427430671530982,0.00019810065496485952,1.6305882708371366,1
2025-10-17,0.4334105299460925,-0.005672922659136984,0.0001804551766509104,1.621043821593323,1
2025-10-20,0.3928263382332867,-0.01123132512166481,0.00012175257513841742,1.6026399851368511,1
2025-10-21,0.41353497115619614,0.003951216530856486,4.141726584581884e-05,1.6089059857728156,1
2025-10-22,0.2955445219863611,0.0032840690091338496,0.00035397134750950513,1.613620237439502,1
2025-10-23,0.30320586627464086,0.0016543786903916737,1.5322688576559497e-05,1.6162650513743275,1
2025-10-24,0.2953537843245167,0.0004054570137125783,2.3556245850372473e-05,1.6168823042385163,1
2025-10-27,0.2990184633298499,-0.002941248373609343,7.329358010666365e-06,1.6121148010815882,1
2025-10-28,0.23961004938306224,0.0033151526392748323,0.00017822524184036293,1.6171718881689106,1
2025-10-29,0.29195441505886494,-0.0005329529399153161,0.00010468873135160539,1.6161407119834128,1
2025-10-30,0.27301946965045537,-0.0005503482911567187,5.6804836225228704e-05,1.615159467095843,1
2025-10-31,0.29354465446037376,-0.0012520758976702858,4.105036961983677e-05,1.6130708619630791,1
2025-11-03,0.2904275896247573,-5.1066806724952345e-05,9.351194506849404e-06,1.6129734034457541,1
2025-11-04,0.285388782851647,0.0003506499604678114,1.5116420319330914e-05,1.6135146101219775,1
2025-11-05,0.2859347583935797,0.0001980497783522683,1.0919510838653945e-06,1.613832404453853,1
2025-11-06,0.2784633125549872,-0.00046549589585914534,2.2414337515777482e-05,1.613044999108768,1
2025-11-07,0.2791708922844291,-0.0029382059943098377,1.415159458883819e-06,1.608303257907407,1
2025-11-10,0.35503215482136663,-0.00203217859774457,0.00015172252507387508,1.6047908826166304,1
2025-11-11,0.3565833019143969,0.0031211658544167313,3.1022941860605614e-06,1.6097947225895077,1
2025-11-12,0.36770832224615,0.0026149995849379993,2.2250040663506222e-05,1.6139685171228773,1
2025-11-13,0.36370283712049456,0.0,1.2016455376966385e-05,1.6139491229422114,1
2025-11-14,0.37908837246829774,0.000751951774903619,3.0771070695606366e-05,1.6151130719072508,1
2025-11-17,0.35888381762891963,0.0018272288382138984,6.061366451813432e-05,1.6179663551673167,1
2025-11-18,0.3548667307163884,0.00029857731362429164,1.205126073759366e-05,1.6184299446807664,1
2025-11-19,0.3649803136391673,0.00017485348623875904,2.0227165845557727e-05,1.6186801965479265,1
2025-11-20,0.37036905614171356,0.000937800549155258,1.0777485005092569e-05,1.6201807504236094,1
2025-11-21,0.3666856711775715,-0.0007472960448987398,1.1050154892426167e-05,1.6189520925085508,1
2025-11-24,0.3581984415335369,0.001381767142737958,2.5461688932103764e-05,1.6211478860610702,1
2025-11-25,0.2830570143524948,-0.0004064093959377038,0.00022542428154312633,1.62012359023048,1
2025-11-26,0.31996882387545567,0.0009399538318923172,7.382361904592172e-05,1.6215268282205237,1
2025-11-27,0.2668027137196768,0.0003466731507655827,0.00015949833046733665,1.6218303372132046,1
2025-11-28,0.2918570559829547,0.0025173380129628053,5.0108684526555816e-05,1.6258317645869247,1
2025-12-01,0.1547465545444858,0.002629063068460449,0.0004113315043154067,1.6294374230092386,1
2025-12-02,0.1734700451694221,0.0010058192027838477,3.7446981249872616e-05,1.6310153249464086,1
2025-12-03,1.3025124939656123,0.0019371444402895418,0.0022580848975923802,1.6304918661421524,1
2025-12-04,0.4355894808677697,-0.0007818159754427635,0.002600769039293528,1.6249765887890903,1
2025-12-05,0.43724756701787393,0.001824181917106902,3.3161723002084197e-06,1.6279354529957293,1
2025-12-08,0.36473834753943524,0.00044083260527109735,0.0002175276584353161,1.6282989790355127,1
2025-12-09,0.3570581280677043,0.00010189482134089986,2.3040658415192762e-05,1.6284273771884974,1
2025-12-10,0.3412460395686864,-0.004832768914325236,4.743626549705382e-05,1.6204803174673776,1
2025-12-11,0.35639344572744147,-0.0022566060949144296,3.029481231751019e-05,1.61677443955921,1
2025-12-12,0.41399645711836497,-0.007608631191901605,0.000115206022781847,1.6042867369751936,1
2025-12-15,0.5049577784896306,-0.0016018908775359399,0.00018192264274253134,1.601424988603374,1
2025-12-16,0.5140686520631379,0.006371056355900953,1.8221747147014522e-05,1.611598576694297,1
